{"cameraMode":{"drawMode":0,"name":"Shaded","section":"Shading Mode"},"sceneLighting":false,"audioPlay":false,"sceneViewState":{"showFog":true,"showMaterialUpdate":false,"showSkybox":false,"showFlares":true,"showImageEffects":true,"showParticleSystems":true},"in2DMode":false,"pivot":{"x":0.27150726318359377,"y":2.0,"z":0.2694988250732422},"rotation":{"x":0.4346482455730438,"y":-0.5618044137954712,"z":0.45384684205055239,"w":0.5380444526672363},"size":91.57128143310547,"orthographic":false}