{"cameraMode":{"drawMode":0,"name":"Shaded","section":"Shading Mode"},"sceneLighting":false,"audioPlay":false,"sceneViewState":{"showFog":true,"showMaterialUpdate":false,"showSkybox":false,"showFlares":true,"showImageEffects":true,"showParticleSystems":true},"in2DMode":false,"pivot":{"x":22.887165069580079,"y":8.272628784179688,"z":-9.404356002807618},"rotation":{"x":0.36151906847953799,"y":0.5171735286712647,"z":-0.25519514083862307,"w":0.7326205968856812},"size":55.83147430419922,"orthographic":false}